﻿<?xml version="1.0" encoding="utf-8"?>
<manifest identifier="_6EeEBgWcQCD" version="1.0" xmlns="http://www.imsproject.org/xsd/imscp_rootv1p1p2" xmlns:adlcp="http://www.adlnet.org/xsd/adlcp_rootv1p2" xmlns:xsi="http://www.w3.org/2001/XMLSchema-instance" xsi:schemaLocation="http://www.imsproject.org/xsd/imscp_rootv1p1p2 imscp_rootv1p1p2.xsd http://www.imsglobal.org/xsd/imsmd_rootv1p2p1 imsmd_rootv1p2p1.xsd http://www.adlnet.org/xsd/adlcp_rootv1p2 adlcp_rootv1p2.xsd">
  <metadata>
    <schema>ADL SCORM</schema>
    <schemaversion>1.2</schemaversion>
    <lom xmlns="http://www.imsglobal.org/xsd/imsmd_rootv1p2p1" xmlns:xsi="http://www.w3.org/2001/XMLSchema-instance" xsi:schemaLocation="http://www.imsglobal.org/xsd/imsmd_rootv1p2p1 imsmd_rootv1p2p1.xsd">
      <general>
        <title>
          <langstring xml:lang="x-none">Trans Misrepresentation</langstring>
        </title>
      </general>
      <lifecycle>
        <version>
          <langstring xml:lang="x-none">1</langstring>
        </version>
        <status>
          <source>
            <langstring xml:lang="x-none">LOMv1.0</langstring>
          </source>
          <value>
            <langstring xml:lang="x-none">Final</langstring>
          </value>
        </status>
      </lifecycle>
      <metametadata>
        <metadatascheme>ADL SCORM 1.2</metadatascheme>
      </metametadata>
      <educational>
        <typicallearningtime>
          <datetime>PT0H0M0S</datetime>
        </typicallearningtime>
      </educational>
      <rights>
        <cost>
          <source>
            <langstring xml:lang="x-none">LOMv1.0</langstring>
          </source>
          <value>
            <langstring xml:lang="x-none">yes</langstring>
          </value>
        </cost>
        <copyrightandotherrestrictions>
          <source>
            <langstring xml:lang="x-none">LOMv1.0</langstring>
          </source>
          <value>
            <langstring xml:lang="x-none">yes</langstring>
          </value>
        </copyrightandotherrestrictions>
      </rights>
    </lom>
  </metadata>
  <organizations default="Trans_Misrepresentation_ORG">
    <organization identifier="Trans_Misrepresentation_ORG">
      <title>Trans Misrepresentation</title>
      <item identifier="Template_SCO" isvisible="true" identifierref="__6EeEBgWcQCD_RES">
        <title>Trans Misrepresentation</title>
      </item>
    </organization>
  </organizations>
  <resources>
    <resource identifier="__6EeEBgWcQCD_RES" type="webcontent" href="launcher.html" adlcp:scormtype="sco">
      <file href="story_content/thumbnail.jpg" />
      <file href="mobile/5gOBPgsc81R_P_0_196_1114_884.png" />
      <file href="mobile/5bdCHE8pxNG_P_1030_396_885_426.png" />
      <file href="mobile/5WFgm0CI62g.png" />
      <file href="story_content/65o0xcJL9ov.html" />
      <file href="mobile/65o0xcJL9ov680cVTJ8AX3{Width=960, Height=540}Light.png" />
      <file href="mobile/5yBHN6xDxPU.png" />
      <file href="mobile/609SDjA8Bsq_P_1062_0_858_1080.png" />
      <file href="mobile/6Ic95f4Ipay.png" />
      <file href="mobile/6GXlgRfXYH1_P_944_0_864_1014.png" />
      <file href="mobile/5wlsmN5wEWf_P_873_37_998_946.png" />
      <file href="meta.xml" />
      <file href="story_content/user.js" />
      <file href="mobile/Shape6TlWQHxuCkH.png" />
      <file href="mobile/Shape6d49yBQ3vGc.png" />
      <file href="html5/data/css/output.min.css" />
      <file href="html5/data/js/5dKczGdyzfg.js" />
      <file href="html5/data/js/5fI0QvhfM6Z.js" />
      <file href="html5/data/js/5gB9UaYI8Jd.js" />
      <file href="html5/data/js/5hdhJamzQuC.js" />
      <file href="html5/data/js/5pE2N7LiOkT.js" />
      <file href="html5/data/js/5ttX1YKAgCS.js" />
      <file href="html5/data/js/5vlMhstXQ4J.js" />
      <file href="html5/data/js/64vW7efrWWr.js" />
      <file href="html5/data/js/6CmZT4e8Wja.js" />
      <file href="html5/data/js/6DKR0YyAkPy.js" />
      <file href="html5/data/js/6DvZV6lKVIX.js" />
      <file href="html5/data/js/6nMXF29gwoT.js" />
      <file href="html5/data/js/6UYcYSQ9gnO.js" />
      <file href="html5/data/js/6XdJMAsTgNR.js" />
      <file href="html5/data/js/6Ym3E1KLQGG.js" />
      <file href="html5/data/js/6ZjNXROE7tm.js" />
      <file href="html5/data/js/data.js" />
      <file href="html5/data/js/frame.js" />
      <file href="html5/data/js/paths.js" />
      <file href="html5/lib/hls/hls.min.js" />
      <file href="html5/lib/scripts/bootstrapper.min.js" />
      <file href="html5/lib/scripts/frame.desktop.min.js" />
      <file href="html5/lib/scripts/frame.mobile.min.js" />
      <file href="html5/lib/scripts/slides.min.js" />
      <file href="html5/lib/stylesheets/desktop.min.css" />
      <file href="html5/lib/stylesheets/mobile.min.css" />
      <file href="html5/lib/stylesheets/mobile-fonts/open-sans-bold.woff" />
      <file href="html5/lib/stylesheets/mobile-fonts/open-sans-light.woff" />
      <file href="html5/lib/stylesheets/mobile-fonts/open-sans-regular.woff" />
      <file href="analytics-frame.html" />
      <file href="story.html" />
      <file href="launcher.html" />
      <file href="story_content/external_window.png" />
      <file href="index_lms.html" />
      <file href="lms/AICCComm.html" />
      <file href="lms/blank.html" />
      <file href="lms/browsersniff.js" />
      <file href="lms/goodbye.html" />
      <file href="lms/scormdriver.js" />
    </resource>
  </resources>
</manifest>